{"cameraMode":{"drawMode":0,"name":"Shaded","section":"Shading Mode"},"sceneLighting":true,"audioPlay":false,"sceneViewState":{"showFog":true,"showMaterialUpdate":false,"showSkybox":false,"showFlares":true,"showImageEffects":true,"showParticleSystems":true,"showVisualEffectGraphs":true,"m_FxEnabled":true},"in2DMode":false,"pivot":{"x":2.6023526191711427,"y":2.79996395111084,"z":-0.0005288124084472656},"rotation":{"x":0.3060193359851837,"y":-0.12489821761846543,"z":0.04054096341133118,"w":0.9429551959037781},"size":6.024374485015869,"orthographic":false}