{"cameraMode":{"drawMode":0,"name":"Shaded","section":"Shading Mode"},"sceneLighting":false,"audioPlay":false,"sceneViewState":{"showFog":true,"showMaterialUpdate":false,"showSkybox":false,"showFlares":true,"showImageEffects":true,"showParticleSystems":true,"showVisualEffectGraphs":true,"m_FxEnabled":true},"in2DMode":false,"pivot":{"x":6.050000190734863,"y":0.8199999928474426,"z":1.0487785339355469},"rotation":{"x":-0.09167324006557465,"y":-0.012847959995269776,"z":0.0011831362498924137,"w":-0.9957088828086853},"size":0.511448323726654,"orthographic":false}