{"cameraMode":{"drawMode":0,"name":"Shaded","section":"Shading Mode"},"sceneLighting":true,"audioPlay":false,"sceneViewState":{"showFog":true,"showMaterialUpdate":false,"showSkybox":true,"showFlares":true,"showImageEffects":true,"showParticleSystems":true,"showVisualEffectGraphs":true,"m_FxEnabled":true},"in2DMode":false,"pivot":{"x":3.142056703567505,"y":-4.3749189376831059,"z":15.843255043029786},"rotation":{"x":0.15505686402320863,"y":-0.08817191421985626,"z":0.013887259177863598,"w":0.9838911890983582},"size":12.763289451599121,"orthographic":false}