{"cameraMode":{"drawMode":0,"name":"Shaded","section":"Shading Mode"},"sceneLighting":true,"audioPlay":false,"sceneViewState":{"showFog":true,"showMaterialUpdate":false,"showSkybox":true,"showFlares":true,"showImageEffects":true,"showParticleSystems":true,"showVisualEffectGraphs":true,"m_FxEnabled":true},"in2DMode":false,"pivot":{"x":-0.7763936519622803,"y":-8.323042869567871,"z":12.378486633300782},"rotation":{"x":-0.4607310891151428,"y":-0.0008004101109690964,"z":0.00041516637429594994,"w":-0.8875594139099121},"size":30.56426429748535,"orthographic":false}