{"cameraMode":{"drawMode":0,"name":"Shaded","section":"Shading Mode"},"sceneLighting":true,"audioPlay":false,"sceneViewState":{"showFog":true,"showMaterialUpdate":false,"showSkybox":true,"showFlares":true,"showImageEffects":true,"showParticleSystems":true,"showVisualEffectGraphs":true,"m_FxEnabled":true},"in2DMode":false,"pivot":{"x":103.4229507446289,"y":-7.800233840942383,"z":12.085434913635254},"rotation":{"x":0.043759338557720187,"y":-0.04320080950856209,"z":0.0019715027883648874,"w":0.9983156323432922},"size":9.413002014160157,"orthographic":false}