{"cameraMode":{"drawMode":0,"name":"Shaded","section":"Shading Mode"},"sceneLighting":true,"audioPlay":false,"sceneViewState":{"showFog":true,"showMaterialUpdate":false,"showSkybox":true,"showFlares":true,"showImageEffects":true,"showParticleSystems":true,"showVisualEffectGraphs":true,"m_FxEnabled":true},"in2DMode":false,"pivot":{"x":-0.019934967160224916,"y":-4.644713878631592,"z":16.62931251525879},"rotation":{"x":0.18965652585029603,"y":-0.005586158949881792,"z":0.0010848864912986756,"w":0.9818636178970337},"size":10.50394344329834,"orthographic":false}