{"cameraMode":{"drawMode":0,"name":"Shaded","section":"Shading Mode"},"sceneLighting":true,"audioPlay":false,"sceneViewState":{"showFog":true,"showMaterialUpdate":false,"showSkybox":true,"showFlares":true,"showImageEffects":true,"showParticleSystems":true,"showVisualEffectGraphs":true,"m_FxEnabled":true},"in2DMode":false,"pivot":{"x":16.391904830932618,"y":-2.550443172454834,"z":40.87482452392578},"rotation":{"x":0.09415841102600098,"y":0.10347915440797806,"z":-0.009840896353125573,"w":0.9901694059371948},"size":30.163734436035158,"orthographic":false}