{"cameraMode":{"drawMode":0,"name":"Shaded","section":"Shading Mode"},"sceneLighting":true,"audioPlay":false,"sceneViewState":{"showFog":true,"showMaterialUpdate":false,"showSkybox":true,"showFlares":true,"showImageEffects":true,"showParticleSystems":true,"showVisualEffectGraphs":true,"m_FxEnabled":true},"in2DMode":false,"pivot":{"x":-4.403649806976318,"y":1.5061246156692505,"z":11.225056648254395},"rotation":{"x":0.07226191461086273,"y":0.0002575911348685622,"z":0.00014522236597258598,"w":0.9976120591163635},"size":11.658971786499024,"orthographic":false}