{"cameraMode":{"drawMode":0,"name":"Shaded","section":"Shading Mode"},"sceneLighting":true,"audioPlay":false,"sceneViewState":{"showFog":true,"showMaterialUpdate":false,"showSkybox":true,"showFlares":true,"showImageEffects":true,"showParticleSystems":true,"showVisualEffectGraphs":true,"m_FxEnabled":true},"in2DMode":false,"pivot":{"x":1.9846305847167969,"y":0.07655906677246094,"z":3.3419337272644045},"rotation":{"x":0.20305731892585755,"y":-0.11073123663663864,"z":0.023213043808937074,"w":0.9727152585983276},"size":4.558948040008545,"orthographic":false}