{"cameraMode":{"drawMode":0,"name":"Shaded","section":"Shading Mode"},"sceneLighting":true,"audioPlay":false,"sceneViewState":{"showFog":true,"showMaterialUpdate":false,"showSkybox":true,"showFlares":true,"showImageEffects":true,"showParticleSystems":true,"showVisualEffectGraphs":true,"m_FxEnabled":true},"in2DMode":false,"pivot":{"x":1.998094081878662,"y":2.0290727615356447,"z":-3.8499743938446047},"rotation":{"x":-0.11886374652385712,"y":-0.13745641708374024,"z":0.016617488116025926,"w":-0.9832102060317993},"size":3.2982516288757326,"orthographic":false}