{"cameraMode":{"drawMode":0,"name":"Shaded","section":"Shading Mode"},"sceneLighting":true,"audioPlay":false,"sceneViewState":{"showFog":true,"showMaterialUpdate":false,"showSkybox":true,"showFlares":true,"showImageEffects":true,"showParticleSystems":true,"showVisualEffectGraphs":true,"m_FxEnabled":true},"in2DMode":false,"pivot":{"x":-0.32447800040245058,"y":0.5770841240882874,"z":4.965292930603027},"rotation":{"x":0.01826523058116436,"y":-0.05452766641974449,"z":0.0013262409484013916,"w":0.9984515309333801},"size":6.279515743255615,"orthographic":false}