{"cameraMode":{"drawMode":0,"name":"Shaded","section":"Shading Mode"},"sceneLighting":true,"audioPlay":false,"sceneViewState":{"showFog":true,"showMaterialUpdate":false,"showSkybox":true,"showFlares":true,"showImageEffects":true,"showParticleSystems":true,"showVisualEffectGraphs":true,"m_FxEnabled":true},"in2DMode":false,"pivot":{"x":-0.7725845575332642,"y":1.4946390390396119,"z":7.699802398681641},"rotation":{"x":0.04978727549314499,"y":0.012294596061110497,"z":-0.000607097870670259,"w":0.9987147450447083},"size":9.088815689086914,"orthographic":false}