{"cameraMode":{"drawMode":0,"name":"Shaded","section":"Shading Mode"},"sceneLighting":true,"audioPlay":false,"sceneViewState":{"showFog":true,"showMaterialUpdate":false,"showSkybox":true,"showFlares":true,"showImageEffects":true,"showParticleSystems":true,"showVisualEffectGraphs":true,"m_FxEnabled":true},"in2DMode":false,"pivot":{"x":-2.3854880332946779,"y":-0.048702508211135867,"z":9.056000709533692},"rotation":{"x":-0.09262554347515106,"y":0.1079135537147522,"z":-0.010103246197104454,"w":-0.9897943735122681},"size":9.426941871643067,"orthographic":false}