{"cameraMode":{"drawMode":0,"name":"Shaded","section":"Shading Mode"},"sceneLighting":true,"audioPlay":false,"sceneViewState":{"showFog":true,"showMaterialUpdate":false,"showSkybox":true,"showFlares":true,"showImageEffects":true,"showParticleSystems":true,"showVisualEffectGraphs":true,"m_FxEnabled":true},"in2DMode":false,"pivot":{"x":3.2848973274230959,"y":1.544185757637024,"z":1.1742792129516602},"rotation":{"x":-0.09526282548904419,"y":0.13572728633880616,"z":-0.013189316727221012,"w":-0.9861926436424255},"size":3.207658529281616,"orthographic":false}