{"cameraMode":{"drawMode":0,"name":"Shaded","section":"Shading Mode"},"sceneLighting":true,"audioPlay":false,"sceneViewState":{"showFog":true,"showMaterialUpdate":false,"showSkybox":true,"showFlares":true,"showImageEffects":true,"showParticleSystems":true,"showVisualEffectGraphs":true,"m_FxEnabled":true},"in2DMode":false,"pivot":{"x":2.6255054473876955,"y":3.507763147354126,"z":0.33330681920051577},"rotation":{"x":-0.24177925288677216,"y":0.24026723206043244,"z":-0.06231096014380455,"w":-0.9382189512252808},"size":2.6584432125091554,"orthographic":false}