{"cameraMode":{"drawMode":0,"name":"Shaded","section":"Shading Mode"},"sceneLighting":true,"audioPlay":false,"sceneViewState":{"showFog":true,"showMaterialUpdate":false,"showSkybox":true,"showFlares":true,"showImageEffects":true,"showParticleSystems":true,"showVisualEffectGraphs":true,"m_FxEnabled":true},"in2DMode":false,"pivot":{"x":0.19185848534107209,"y":1.1674473285675049,"z":1.3830082416534424},"rotation":{"x":0.09750330448150635,"y":-0.0542544424533844,"z":0.005635347217321396,"w":0.9938619136810303},"size":2.1511757373809816,"orthographic":false}