{"cameraMode":{"drawMode":0,"name":"Shaded","section":"Shading Mode"},"sceneLighting":true,"audioPlay":false,"sceneViewState":{"showFog":true,"showMaterialUpdate":false,"showSkybox":true,"showFlares":true,"showImageEffects":true,"showParticleSystems":true,"showVisualEffectGraphs":true,"m_FxEnabled":true},"in2DMode":false,"pivot":{"x":-8.538710594177246,"y":-0.206156387925148,"z":11.813311576843262},"rotation":{"x":-0.04724102467298508,"y":0.20703062415122987,"z":-0.010016868822276593,"w":-0.9771581292152405},"size":10.702801704406739,"orthographic":false}