{"cameraMode":{"drawMode":0,"name":"Shaded","section":"Shading Mode"},"sceneLighting":true,"audioPlay":false,"sceneViewState":{"showFog":true,"showMaterialUpdate":false,"showSkybox":true,"showFlares":true,"showImageEffects":true,"showParticleSystems":true,"showVisualEffectGraphs":true,"m_FxEnabled":true},"in2DMode":false,"pivot":{"x":135.69854736328126,"y":13.513468742370606,"z":101.9090347290039},"rotation":{"x":0.012162577360868454,"y":-0.14287976920604707,"z":0.0018978598527610303,"w":0.9897534847259522},"size":76.67349243164063,"orthographic":false}