{"cameraMode":{"drawMode":0,"name":"Shaded","section":"Shading Mode"},"sceneLighting":true,"audioPlay":false,"sceneViewState":{"showFog":true,"showMaterialUpdate":false,"showSkybox":true,"showFlares":true,"showImageEffects":true,"showParticleSystems":true,"showVisualEffectGraphs":true,"m_FxEnabled":true},"in2DMode":false,"pivot":{"x":0.8449781537055969,"y":2.7482612133026125,"z":-3.835744619369507},"rotation":{"x":-0.14974522590637208,"y":0.0035572131164371969,"z":-0.0005359119386412203,"w":-0.9887303709983826},"size":2.0146238803863527,"orthographic":false}