{"cameraMode":{"drawMode":0,"name":"Shaded","section":"Shading Mode"},"sceneLighting":true,"audioPlay":false,"sceneViewState":{"showFog":true,"showMaterialUpdate":false,"showSkybox":true,"showFlares":true,"showImageEffects":true,"showParticleSystems":true,"showVisualEffectGraphs":true,"m_FxEnabled":true},"in2DMode":false,"pivot":{"x":0.27838557958602908,"y":1.4121330976486207,"z":-1.6695433855056763},"rotation":{"x":-0.05428026616573334,"y":-0.02251361683011055,"z":0.0009449517237953842,"w":-0.9983565211296082},"size":1.5611896514892579,"orthographic":false}