{"cameraMode":{"drawMode":0,"name":"Shaded","section":"Shading Mode"},"sceneLighting":true,"audioPlay":false,"sceneViewState":{"showFog":true,"showMaterialUpdate":false,"showSkybox":true,"showFlares":true,"showImageEffects":true,"showParticleSystems":true,"showVisualEffectGraphs":true,"m_FxEnabled":true},"in2DMode":false,"pivot":{"x":129.0951385498047,"y":112.42572784423828,"z":108.24260711669922},"rotation":{"x":-0.07204948365688324,"y":-0.08044406026601792,"z":0.005470801144838333,"w":-0.9942992329597473},"size":185.77334594726563,"orthographic":false}