{"cameraMode":{"drawMode":0,"name":"Shaded","section":"Shading Mode"},"sceneLighting":true,"audioPlay":false,"sceneViewState":{"showFog":true,"showMaterialUpdate":false,"showSkybox":true,"showFlares":true,"showImageEffects":true,"showParticleSystems":true,"showVisualEffectGraphs":true,"m_FxEnabled":true},"in2DMode":false,"pivot":{"x":0.6584792137145996,"y":2.6100597381591799,"z":0.8268452286720276},"rotation":{"x":0.20821136236190797,"y":-0.6026407480239868,"z":0.16724394261837007,"w":0.7521641850471497},"size":2.0675454139709474,"orthographic":false}