{"cameraMode":{"drawMode":0,"name":"Shaded","section":"Shading Mode"},"sceneLighting":true,"audioPlay":false,"sceneViewState":{"showFog":true,"showMaterialUpdate":false,"showSkybox":true,"showFlares":true,"showImageEffects":true,"showParticleSystems":true,"showVisualEffectGraphs":true,"m_FxEnabled":true},"in2DMode":false,"pivot":{"x":2.7412898540496828,"y":-6.298431396484375,"z":15.9971342086792},"rotation":{"x":0.18965652585029603,"y":-0.005586158949881792,"z":0.0010848864912986756,"w":0.9818636178970337},"size":12.62812614440918,"orthographic":false}