{"cameraMode":{"drawMode":0,"name":"Shaded","section":"Shading Mode"},"sceneLighting":true,"audioPlay":false,"sceneViewState":{"showFog":true,"showMaterialUpdate":false,"showSkybox":true,"showFlares":true,"showImageEffects":true,"showParticleSystems":true,"showVisualEffectGraphs":true,"m_FxEnabled":true},"in2DMode":false,"pivot":{"x":-3.2564220428466799,"y":-0.022294998168945314,"z":12.364645004272461},"rotation":{"x":-0.14349953830242158,"y":-0.33816730976104739,"z":0.05224969983100891,"w":-0.9286572337150574},"size":21.15724754333496,"orthographic":false}