{"cameraMode":{"drawMode":0,"name":"Shaded","section":"Shading Mode"},"sceneLighting":false,"audioPlay":false,"sceneViewState":{"showFog":true,"showMaterialUpdate":false,"showSkybox":false,"showFlares":true,"showImageEffects":true,"showParticleSystems":true,"showVisualEffectGraphs":true,"m_FxEnabled":true},"in2DMode":false,"pivot":{"x":0.5474200248718262,"y":0.008053973317146302,"z":-0.037034131586551669},"rotation":{"x":0.20305731892585755,"y":-0.11073123663663864,"z":0.023213043808937074,"w":0.9727152585983276},"size":1.8320622444152833,"orthographic":false}