{"cameraMode":{"drawMode":0,"name":"Shaded","section":"Shading Mode"},"sceneLighting":true,"audioPlay":false,"sceneViewState":{"showFog":true,"showMaterialUpdate":false,"showSkybox":true,"showFlares":true,"showImageEffects":true,"showParticleSystems":true,"showVisualEffectGraphs":true,"m_FxEnabled":true},"in2DMode":false,"pivot":{"x":-0.38651418685913088,"y":0.7293422222137451,"z":-0.40541982650756838},"rotation":{"x":-0.059609606862068179,"y":0.8866307735443115,"z":-0.11935293674468994,"w":-0.44281843304634097},"size":8.237198829650879,"orthographic":false}