{"cameraMode":{"drawMode":0,"name":"Shaded","section":"Shading Mode"},"sceneLighting":true,"audioPlay":false,"sceneViewState":{"showFog":true,"showMaterialUpdate":false,"showSkybox":true,"showFlares":true,"showImageEffects":true,"showParticleSystems":true,"showVisualEffectGraphs":true,"m_FxEnabled":true},"in2DMode":false,"pivot":{"x":-0.03345632553100586,"y":-0.2520332336425781,"z":29.14311408996582},"rotation":{"x":-0.1508813500404358,"y":0.20364466309547425,"z":-0.03178044781088829,"w":-0.9668270945549011},"size":16.958812713623048,"orthographic":false}