{"cameraMode":{"drawMode":0,"name":"Shaded","section":"Shading Mode"},"sceneLighting":false,"audioPlay":false,"sceneViewState":{"showFog":true,"showMaterialUpdate":false,"showSkybox":false,"showFlares":true,"showImageEffects":true,"showParticleSystems":true,"showVisualEffectGraphs":true,"m_FxEnabled":true},"in2DMode":false,"pivot":{"x":-2.243617057800293,"y":2.07291316986084,"z":0.13031768798828126},"rotation":{"x":0.04978727549314499,"y":0.012294596061110497,"z":-0.000607097870670259,"w":0.9987147450447083},"size":2.550333023071289,"orthographic":false}