{"cameraMode":{"drawMode":0,"name":"Shaded","section":"Shading Mode"},"sceneLighting":false,"audioPlay":false,"sceneViewState":{"showFog":true,"showMaterialUpdate":false,"showSkybox":false,"showFlares":true,"showImageEffects":true,"showParticleSystems":true,"showVisualEffectGraphs":true,"m_FxEnabled":true},"in2DMode":false,"pivot":{"x":0.9819251894950867,"y":1.6376348733901978,"z":2.0495362281799318},"rotation":{"x":0.09012054651975632,"y":0.0391412153840065,"z":-0.003534823888912797,"w":0.9951845407485962},"size":4.291220188140869,"orthographic":false}