{"cameraMode":{"drawMode":0,"name":"Shaded","section":"Shading Mode"},"sceneLighting":false,"audioPlay":false,"sceneViewState":{"showFog":true,"showMaterialUpdate":false,"showSkybox":false,"showFlares":true,"showImageEffects":true,"showParticleSystems":true,"showVisualEffectGraphs":true,"m_FxEnabled":true},"in2DMode":false,"pivot":{"x":7.635419845581055,"y":0.44921445846557619,"z":-1.4217455387115479},"rotation":{"x":0.012099653482437134,"y":-0.891077995300293,"z":-0.02378697134554386,"w":-0.45307859778404238},"size":2.7196080684661867,"orthographic":false}